Country,Year,Employment_Rate
CAN,2009,71.50833
CAN,2010,71.55833
CAN,2011,71.975
CAN,2012,72.31667
CAN,2013,72.71667
CAN,2014,72.5
CAN,2015,72.74167
CAN,2016,72.675
CAN,2017,73.56667
CAN,2018,74.025
CAN,2019,74.6
