Country,Year,Permanent_Inflows
CAN,2009,253101
CAN,2010,281262
CAN,2011,249292
CAN,2012,258347
CAN,2013,262773
CAN,2014,261377
CAN,2015,275852
CAN,2016,296740
CAN,2017,286447
CAN,2018,321042
CAN,2019,341173
