Country,Year,Employment_Rate,Permanent_Inflows
CAN,2009,71.50833,253101
CAN,2010,71.55833,281262
CAN,2011,71.975,249292
CAN,2012,72.31667,258347
CAN,2013,72.71667,262773
CAN,2014,72.5,261377
CAN,2015,72.74167,275852
CAN,2016,72.675,296740
CAN,2017,73.56667,286447
CAN,2018,74.025,321042
CAN,2019,74.6,341173
